ID,Valor,Pago,Sexo,Edad,Vegetales,CarneFresca,Leche,VerduraEnlatada,CarneEnlatada,ComidaCongelada,Cerveza,Vino,Refresco,Pescado,Dulces
10150,41.1354,TDebito,F,36,T,F,F,F,F,F,F,F,T,F,F
10236,42.0572,Efectivo,F,44,F,F,F,F,F,T,T,F,F,F,F
10360,27.4012,TCredito,M,20,F,F,F,T,F,T,T,F,F,T,F
10451,15.0174,TCredito,M,19,F,F,F,T,F,T,T,F,F,F,T
10609,14.2389,TCredito,F,41,T,F,F,F,F,F,F,F,F,T,F
10614,19.0425,Efectivo,M,25,F,F,F,F,F,F,F,F,T,F,F
10645,18.4803,TDebito,M,20,T,T,F,T,F,T,T,F,F,F,F
10717,47.2705,TDebito,M,23,T,T,F,F,F,F,F,F,F,T,F
10872,20.6176,Efectivo,M,36,F,F,F,T,F,T,T,F,F,T,F
10902,26.7182,TDebito,M,47,T,F,F,F,F,F,F,T,F,F,F
10915,12.4624,TDebito,F,22,T,F,T,F,T,T,F,F,F,T,F
10944,45.3278,TDebito,M,46,F,T,T,T,F,T,T,F,F,F,F
10987,37.7075,Efectivo,F,21,T,F,T,F,F,F,F,T,F,F,T
11119,29.4205,TCredito,F,27,F,F,F,F,F,F,F,F,T,T,T
11220,23.6325,TDebito,M,27,F,F,F,T,F,T,T,F,F,F,T
11230,46.279,Efectivo,M,42,F,F,T,F,F,F,F,F,F,T,T
11236,42.5669,TDebito,M,34,F,F,F,F,F,F,F,F,F,F,F
11241,33.8901,TCredito,M,22,T,T,F,T,F,T,T,F,F,T,F
11357,10.753,Efectivo,F,26,F,F,F,F,F,F,T,F,F,T,F
11553,15.1133,Efectivo,M,27,F,F,F,F,F,F,F,F,F,F,T
11565,44.9745,Efectivo,F,19,F,T,T,T,F,F,F,T,F,T,F
11818,31.9051,TDebito,F,48,F,T,F,F,F,F,F,F,F,F,F
11966,22.1877,TDebito,M,16,T,F,T,F,F,F,F,F,F,T,T
12291,41.9518,Efectivo,M,40,F,F,F,F,F,F,F,T,F,F,T
12312,19.2175,TDebito,F,34,F,T,F,F,F,T,F,F,T,F,F
12547,32.3073,TDebito,M,35,F,F,F,T,T,T,T,F,F,F,F
12582,25.6014,Efectivo,M,23,T,T,F,F,F,F,T,T,F,T,F
12584,46.6323,TDebito,F,29,T,F,F,F,F,F,T,T,F,F,T
12694,15.8634,Efectivo,F,40,T,F,F,F,F,F,F,F,F,F,T
12782,31.3296,TCredito,F,31,F,F,F,T,F,F,T,F,F,F,F
12800,25.7388,TDebito,F,49,T,F,F,F,F,F,F,F,F,F,F
12938,49.4836,TCredito,F,27,F,F,F,T,F,T,F,F,T,F,F
13325,41.2805,TDebito,F,48,F,F,F,F,F,F,F,T,F,T,T
13518,16.3794,TDebito,F,50,F,F,F,F,F,F,F,F,F,F,F
13564,31.583,TCredito,F,19,F,F,T,F,F,F,F,F,F,F,F
13722,36.2168,TDebito,M,19,T,T,T,F,F,F,T,F,F,T,F
13747,12.3374,TDebito,F,38,F,F,F,F,F,F,T,F,F,F,F
13893,24.8043,TDebito,F,19,F,T,F,T,T,T,F,F,F,T,F
13903,29.1647,Efectivo,F,32,T,T,T,T,T,F,F,F,T,F,F
14015,31.8657,Efectivo,M,38,F,F,F,T,F,F,F,F,F,F,T
14107,12.9508,TDebito,F,33,F,T,F,F,F,F,F,F,F,T,F
14301,39.9171,Efectivo,M,33,F,T,T,T,F,T,T,F,F,T,T
14368,34.9178,TCredito,F,31,F,F,F,F,T,F,F,T,F,F,T
14514,31.6016,TDebito,F,45,F,F,F,F,T,F,F,F,T,F,F
14630,19.5788,Efectivo,M,31,F,F,F,T,F,T,T,F,F,F,F
14658,46.8048,TDebito,F,36,F,F,F,F,T,F,F,T,F,T,T
14692,40.8875,TDebito,F,19,F,F,F,T,F,F,F,T,F,F,F
14743,21.6813,Efectivo,M,48,T,T,T,T,T,T,T,T,F,F,F
14759,14.8671,TDebito,M,24,F,F,T,T,F,F,F,F,T,F,F
14875,18.5153,TCredito,M,36,F,T,F,F,F,F,T,T,F,F,F
14890,31.8997,TCredito,M,29,F,T,F,F,F,F,F,F,F,F,F
14891,18.391,Efectivo,F,26,F,F,F,T,F,F,F,F,F,F,F
14912,39.1559,TCredito,M,28,F,F,F,T,F,T,T,T,F,F,F
14996,22.2591,Efectivo,M,17,F,T,T,T,F,T,F,F,F,T,T
15068,17.8948,TCredito,M,50,F,F,F,F,F,F,T,F,F,F,F
15072,41.6457,TDebito,M,34,F,F,F,F,F,T,F,F,F,F,F
15099,11.2731,TDebito,M,16,T,F,F,T,F,T,T,F,F,T,F
15109,13.5356,TDebito,M,49,F,F,F,F,F,T,F,F,F,F,F
15177,24.7919,TDebito,F,46,F,F,F,F,F,F,F,F,F,F,T
15306,22.3248,Efectivo,M,41,F,F,F,T,T,T,T,F,F,F,F
15317,43.8941,TDebito,M,40,F,F,T,F,F,F,F,F,F,F,F
15590,44.0704,Efectivo,M,41,T,F,F,T,F,F,F,F,F,T,F
15629,17.004,Efectivo,F,37,F,F,F,F,F,T,F,F,F,T,F
15650,48.7559,TDebito,M,28,F,F,F,F,F,F,F,F,F,T,F
15663,45.1901,TDebito,F,45,F,F,F,F,F,F,T,F,F,F,F
15835,24.3642,Efectivo,F,41,F,F,F,F,F,F,F,F,F,T,F
15882,20.7035,Efectivo,M,20,F,F,F,T,F,T,T,F,F,F,F
16055,40.5415,Efectivo,M,38,F,F,F,F,F,F,F,F,F,T,F
16220,34.7872,TCredito,M,33,F,F,F,T,F,T,T,F,T,F,T
16287,42.5534,Efectivo,F,16,T,F,F,F,F,F,F,T,T,F,T
16316,39.1701,TCredito,M,22,T,F,T,F,F,T,F,F,F,T,F
16342,46.3814,TDebito,M,29,F,F,F,F,F,F,F,F,F,F,F
16350,31.8923,TDebito,F,16,T,T,F,F,F,F,F,F,F,F,F
17064,15.3259,TCredito,F,45,F,F,F,F,F,F,T,F,F,F,F
17110,12.7214,Efectivo,M,45,F,F,F,T,T,T,T,F,F,F,F
17133,21.3284,TDebito,M,22,T,F,F,F,F,T,F,T,T,F,F
17201,37.7746,TDebito,M,16,T,F,F,T,F,F,F,T,F,T,F
17375,12.7641,TCredito,M,22,F,F,F,F,T,F,F,F,F,F,F
17470,19.0756,Efectivo,F,42,F,F,F,F,F,T,T,F,F,T,T
17571,15.27,TDebito,F,23,T,F,T,F,F,T,T,F,F,F,F
17590,30.1201,TDebito,M,49,F,F,F,F,F,F,F,F,F,F,F
17747,33.8601,TDebito,M,37,F,F,F,F,F,F,F,F,F,T,F
17809,39.6015,TDebito,M,20,F,F,F,F,F,F,F,F,F,F,T
17830,28.0198,TDebito,F,47,T,F,F,F,T,F,T,F,F,T,F
17864,35.6562,TCredito,F,18,T,F,T,F,F,F,F,T,F,T,T
17939,15.8755,Efectivo,F,46,F,F,F,F,F,T,F,F,F,F,F
18030,12.9942,TDebito,F,29,T,F,F,F,T,F,F,F,F,F,F
18079,24.816,TDebito,M,32,F,F,T,F,F,F,F,T,F,F,F
18126,34.7134,TDebito,F,19,T,F,F,T,F,F,F,T,T,T,F
18143,43.5884,Efectivo,F,36,T,F,F,F,T,T,F,F,F,F,F
18228,31.7275,Efectivo,M,41,F,F,F,T,F,F,F,F,F,F,F
18331,47.898,TDebito,F,20,T,F,F,F,F,T,F,T,F,F,T
18334,42.4343,Efectivo,F,43,F,F,F,F,F,T,F,T,F,F,T
18464,20.9389,TDebito,M,22,F,F,F,T,F,F,F,F,F,F,F
18517,42.5094,TDebito,M,38,T,T,F,T,F,T,T,F,F,F,F
18708,30.7868,Efectivo,F,35,F,F,F,T,T,T,T,F,F,T,F
18724,49.1775,Efectivo,F,17,F,F,T,F,F,F,T,F,F,F,F
18917,47.9346,TDebito,M,47,F,T,T,T,F,T,T,F,F,F,T
18920,45.3683,Efectivo,M,49,F,F,F,T,F,F,F,T,T,F,F
18953,24.2569,TDebito,F,17,T,F,F,F,T,F,F,F,F,T,T
19041,14.6823,TDebito,F,23,T,T,F,T,F,F,F,F,F,T,F
19078,38.852,Efectivo,M,28,T,F,F,F,F,F,F,F,F,F,T
19193,22.3496,TDebito,M,21,F,F,F,F,F,F,F,T,T,F,T
19209,46.367,TDebito,M,21,T,T,F,T,F,T,T,F,F,F,F
19211,35.9545,TDebito,M,28,F,F,F,T,F,T,T,F,F,F,T
19268,25.055,Efectivo,F,29,F,F,F,F,F,F,F,F,F,F,F
19519,12.4083,TDebito,M,31,F,F,T,F,F,T,T,F,F,F,T
19613,46.1507,TDebito,F,45,F,F,F,F,T,F,F,F,F,F,F
19915,40.0868,Efectivo,F,21,T,F,F,F,T,F,F,F,F,T,F
19999,17.1606,TDebito,F,44,T,F,F,T,F,T,F,F,F,T,F
20158,23.7441,TCredito,M,43,F,F,F,F,T,F,F,F,F,T,F
20260,13.1243,TCredito,M,21,F,F,F,T,F,F,F,F,F,F,T
20325,15.356,TDebito,M,24,F,T,T,F,F,T,F,T,F,F,F
20362,31.72,Efectivo,M,38,F,F,F,F,F,T,F,F,F,T,F
20386,39.8296,TCredito,F,32,F,F,T,F,F,F,F,F,F,F,F
20521,46.3,Efectivo,M,44,T,F,F,T,F,F,F,T,F,F,F
20556,20.4104,TDebito,M,18,T,F,F,F,F,F,T,F,F,T,F
20844,24.3927,Efectivo,F,45,F,F,F,F,T,F,F,F,F,F,F
20849,44.9825,Efectivo,F,30,F,F,T,T,F,F,F,T,T,T,T
20991,37.5076,TDebito,M,25,F,F,F,T,F,T,T,F,F,F,F
21187,20.5744,TCredito,F,36,F,T,F,F,F,F,T,F,F,F,F
21347,43.007,TCredito,F,24,F,F,F,F,T,T,F,F,F,F,T
21543,13.9176,TCredito,F,27,F,F,F,T,F,T,F,T,T,F,F
21787,19.5369,Efectivo,M,45,F,F,F,F,F,F,F,F,F,T,F
21814,22.3741,TDebito,M,23,F,F,F,T,T,T,T,F,F,F,F
21875,10.7267,Efectivo,F,17,T,F,F,F,F,F,F,T,F,T,F
22316,29.7579,Efectivo,F,20,F,F,F,T,T,F,F,T,T,F,F
23037,46.0157,Efectivo,F,45,T,F,F,T,F,F,F,F,T,F,F
23380,36.4903,TCredito,M,43,F,F,F,F,F,F,F,F,F,T,F
23419,15.6201,Efectivo,F,24,F,F,F,T,T,F,F,T,T,F,F
23501,10.225,Efectivo,M,49,F,F,F,F,F,F,F,T,T,T,T
23682,29.7183,TCredito,M,48,F,F,F,T,F,T,T,T,F,F,F
23718,37.8611,TCredito,M,37,F,F,F,T,F,T,F,T,F,T,F
23784,25.7551,Efectivo,F,20,F,F,T,F,F,F,F,F,F,F,F
23845,12.4227,TDebito,F,47,F,F,T,F,F,F,T,F,F,F,F
24210,30.4335,TDebito,F,50,F,F,F,T,F,T,F,F,F,F,F
24258,34.8282,TDebito,F,23,F,F,F,F,F,F,F,F,F,F,F
24493,20.8675,TDebito,M,45,T,T,F,F,F,F,F,F,F,T,F
24534,37.7386,TDebito,F,22,T,F,F,F,F,F,F,F,T,F,T
24566,39.4489,TDebito,F,34,F,F,F,T,T,F,F,T,F,T,T
24651,32.1216,Efectivo,F,37,F,F,F,F,F,F,F,T,T,F,T
24686,38.2775,TDebito,F,28,F,F,T,F,F,F,T,T,F,T,T
24864,24.6676,Efectivo,F,38,T,F,F,T,F,T,F,F,F,F,F
24874,35.938,Efectivo,F,46,T,T,T,F,F,F,F,T,F,F,T
25097,20.0102,Efectivo,M,40,F,F,F,T,T,T,F,F,T,F,F
25180,11.5295,TCredito,M,38,F,F,F,F,F,F,F,F,F,F,F
25256,39.6933,TDebito,M,40,F,T,T,F,F,T,F,F,F,F,T
25311,47.5451,TDebito,M,24,T,T,F,F,F,F,F,T,F,F,F
25387,11.4154,TDebito,F,36,F,F,F,F,F,F,F,F,F,F,F
25405,36.4166,TDebito,M,36,F,F,F,F,T,F,F,F,F,T,F
25524,45.9486,TDebito,M,36,F,F,F,T,T,T,F,F,F,F,F
25668,21.9571,TCredito,F,19,F,F,F,F,F,F,F,T,F,F,T
25765,35.6814,TCredito,F,25,F,F,F,F,F,F,F,T,F,F,T
25774,38.771,Efectivo,F,48,F,T,F,T,T,F,F,T,T,T,T
26061,47.0537,Efectivo,M,22,T,T,F,T,T,T,T,F,F,T,F
26130,12.6214,TCredito,F,45,F,F,F,T,F,F,F,T,F,F,F
26291,14.0896,TDebito,F,49,F,T,F,F,F,F,F,T,T,F,F
26396,22.7651,TDebito,M,47,F,F,F,T,F,F,F,F,F,F,F
26630,46.4867,TDebito,F,35,F,T,F,F,F,F,F,T,F,T,F
26748,23.6883,TDebito,F,26,F,F,T,F,F,F,F,T,F,F,F
26885,33.1864,Efectivo,M,28,F,F,T,T,F,T,T,F,F,F,F
27166,13.4513,Efectivo,F,44,F,F,F,F,F,F,F,F,F,F,F
27306,17.3906,TCredito,F,42,T,F,F,T,F,T,T,F,T,F,T
27371,38.7433,TCredito,F,25,F,F,F,F,F,T,F,F,F,T,F
27462,39.7479,Efectivo,F,39,F,F,F,F,F,F,T,F,T,F,F
27496,16.3272,TDebito,F,48,F,F,F,F,F,T,T,F,F,F,T
27664,35.6361,Efectivo,F,26,T,F,T,F,T,T,F,F,T,T,F
27673,37.5651,Efectivo,F,36,F,F,T,F,F,T,T,T,F,F,T
27682,18.2962,TCredito,F,47,F,F,F,F,F,F,T,F,F,T,T
27694,24.8952,TDebito,M,41,F,F,T,T,T,T,T,F,T,F,F
27720,37.4582,TDebito,F,16,F,F,F,F,F,T,F,F,F,T,F
27766,40.0773,TDebito,F,34,T,F,F,F,F,F,T,F,F,F,F
27890,22.2416,TDebito,M,26,F,T,F,F,F,T,F,F,F,F,F
28061,37.2245,TDebito,F,43,F,T,F,T,F,F,F,T,F,F,T
28081,26.1124,TDebito,M,16,T,T,F,F,T,F,T,F,F,T,T
28110,27.6974,TDebito,M,21,F,F,F,F,F,T,F,F,F,F,F
28138,40.9457,Efectivo,F,32,F,F,F,F,F,F,F,F,F,T,F
28233,40.8109,Efectivo,F,50,T,F,F,F,F,F,T,T,F,T,T
28268,10.8787,Efectivo,M,26,F,F,T,F,F,F,F,F,F,T,F
28313,34.8889,Efectivo,F,48,T,F,F,F,F,F,F,T,F,F,T
28314,38.8062,TDebito,F,37,F,F,F,F,F,T,F,T,F,F,T
28427,12.9735,TCredito,M,32,F,F,F,T,F,T,T,F,F,F,T
28498,34.2302,TCredito,F,38,F,F,F,F,F,F,F,T,F,F,F
28528,40.7113,TCredito,F,45,F,F,F,F,T,F,F,T,F,F,T
28597,19.2051,TDebito,M,18,F,F,F,T,T,T,T,F,F,F,F
28629,44.8107,Efectivo,M,31,F,F,F,F,F,F,T,F,F,F,T
28630,30.4989,TCredito,F,39,F,F,F,F,T,F,F,F,F,T,F
28755,43.9948,TCredito,F,25,F,F,F,F,F,F,F,F,F,T,T
28803,41.9003,TCredito,M,38,F,F,F,T,F,T,T,F,F,T,F
28935,22.975,TCredito,F,46,T,F,F,F,F,T,F,F,F,F,F
28959,21.5852,Efectivo,M,38,F,F,F,F,F,T,F,F,F,F,F
28977,37.2656,TDebito,M,33,F,T,F,T,T,T,T,F,T,F,F
28979,35.8494,TCredito,F,21,F,F,F,T,F,F,F,T,F,F,T
28994,11.2168,Efectivo,F,18,T,F,F,F,T,F,F,F,F,T,F
29095,46.7096,TCredito,M,42,F,F,F,T,F,T,T,T,F,F,F
29107,32.3863,Efectivo,F,21,F,F,F,F,T,T,F,F,F,F,F
29192,21.2654,Efectivo,M,29,F,T,F,F,F,F,F,F,F,F,T
29224,40.9484,TDebito,F,16,T,F,F,F,T,F,T,T,F,T,T
29310,49.8459,Efectivo,M,22,F,F,F,F,F,F,F,T,T,F,F
29316,34.5206,TDebito,M,39,F,F,F,T,F,T,T,F,T,F,F
29343,11.0385,TCredito,F,46,T,T,F,F,F,F,F,T,F,F,T
29367,43.3149,TCredito,M,35,F,F,F,F,F,T,F,F,F,F,F
29483,29.1147,TCredito,M,16,T,F,F,F,F,F,F,F,F,F,F
29524,10.7127,Efectivo,F,37,F,F,F,T,F,F,F,F,F,F,F
29625,18.3863,Efectivo,M,43,F,F,F,F,F,F,F,F,F,F,F
29640,28.5955,Efectivo,F,27,F,F,F,T,T,T,F,T,F,F,F
29944,42.8985,Efectivo,M,18,T,F,F,F,F,T,T,F,T,T,F
30132,23.9357,Efectivo,M,23,T,F,T,T,F,T,T,F,F,T,F
30239,42.3719,TDebito,M,17,T,F,T,F,F,F,F,F,T,F,F
30243,30.3916,Efectivo,M,33,F,T,F,T,T,T,T,T,F,F,T
30371,30.8872,TDebito,F,24,T,F,F,F,F,F,F,F,F,F,F
30390,26.6278,Efectivo,M,25,F,F,F,F,F,F,F,F,T,F,F
30423,44.942,TCredito,F,45,F,F,F,F,F,F,F,F,T,F,T
30459,32.6755,TCredito,F,29,F,F,F,T,F,F,F,T,F,T,T
30504,27.5034,TCredito,F,37,F,T,F,F,F,F,F,F,F,T,F
30558,16.5851,TDebito,F,34,F,F,F,F,F,F,F,F,F,T,F
30850,17.1818,Efectivo,F,34,T,F,F,F,F,F,F,F,F,T,F
30989,25.9133,TDebito,F,50,F,F,F,F,F,F,F,F,F,F,T
31011,39.5627,TDebito,M,16,T,F,F,T,F,T,T,T,F,T,F
31033,41.5652,TDebito,M,47,F,F,T,F,F,F,F,T,F,F,T
31046,16.5846,Efectivo,F,25,T,F,F,T,T,T,T,F,F,T,F
31083,45.6146,Efectivo,F,26,T,T,F,T,F,F,F,T,T,T,T
31384,37.2056,TDebito,M,27,F,F,F,T,F,F,F,F,F,F,F
31552,36.2776,TDebito,M,17,T,F,T,F,F,F,F,F,F,F,T
31828,30.426,TDebito,M,17,F,F,T,F,T,F,F,F,F,T,F
31921,34.4264,TCredito,M,32,T,F,F,F,F,F,F,T,F,F,F
32083,11.4418,TCredito,M,42,F,T,T,F,T,F,F,F,F,F,F
32160,19.7177,Efectivo,F,33,F,F,F,F,F,T,T,F,F,F,T
32182,13.3271,Efectivo,F,29,F,F,F,F,F,F,T,F,F,F,F
32302,33.8303,TDebito,F,37,F,F,F,F,F,F,F,F,F,F,F
32369,21.9204,TCredito,M,21,F,F,F,T,F,F,F,F,F,F,T
32380,11.1224,TDebito,F,20,T,F,F,T,F,F,F,T,F,F,F
32392,16.1584,TDebito,M,22,T,F,F,F,F,F,F,F,F,T,F
32408,38.5706,Efectivo,F,32,F,F,F,F,F,F,T,F,F,F,F
32432,28.3847,TCredito,M,34,F,T,F,F,F,T,F,F,F,F,T
32444,24.2582,Efectivo,F,17,T,F,T,F,F,F,F,F,F,T,F
32594,20.9057,TDebito,F,16,F,F,F,F,F,F,F,F,F,F,F
32646,26.531,TCredito,M,40,T,F,F,T,F,T,T,F,F,T,T
32669,49.8042,Efectivo,M,46,T,F,F,F,F,T,F,F,F,F,F
33056,14.4013,TCredito,M,27,F,F,F,F,F,F,F,F,F,F,F
33167,24.2185,Efectivo,F,21,F,F,F,F,F,T,T,F,F,F,F
33172,31.065,TDebito,M,48,F,T,F,F,F,F,F,F,F,F,T
33173,36.8328,Efectivo,F,43,F,F,F,F,F,F,F,T,F,F,T
33233,24.774,TDebito,M,28,F,T,F,F,F,F,F,T,F,F,F
33413,37.9016,Efectivo,F,39,F,F,F,F,F,T,F,T,F,F,T
33622,39.2378,Efectivo,M,25,T,F,F,F,F,F,T,T,F,T,F
33697,21.979,Efectivo,M,25,F,F,F,F,T,F,F,T,F,F,T
33891,12.0017,TDebito,F,47,F,T,F,F,F,F,F,F,F,T,F
34297,14.9744,TDebito,F,32,F,F,F,F,F,F,F,F,F,F,F
34529,43.1953,TDebito,F,18,T,F,F,F,T,F,F,F,F,T,T
34593,35.8231,TDebito,M,50,F,F,T,F,T,T,F,T,F,F,F
34605,45.77,TDebito,F,49,F,F,F,T,T,F,F,T,T,F,T
34702,26.3763,TDebito,M,25,T,F,F,F,F,F,F,F,F,T,F
34750,21.9036,TDebito,F,48,T,F,F,T,T,F,T,F,F,F,F
34756,15.2704,TDebito,F,18,F,F,F,F,F,F,F,F,F,F,F
34809,32.7941,Efectivo,F,38,F,F,F,F,T,F,F,F,F,F,F
35197,40.3398,Efectivo,M,38,F,F,F,F,F,T,T,T,F,T,F
35262,26.2512,TCredito,M,22,T,F,F,T,F,F,T,T,F,F,F
35519,30.2371,TDebito,M,32,F,F,F,F,F,T,F,F,F,F,F
35561,34.4236,Efectivo,M,24,F,F,F,F,F,T,F,F,F,F,T
35707,16.5348,Efectivo,M,42,F,F,F,F,F,F,F,F,T,T,F
35904,38.0608,TCredito,F,20,T,F,T,T,F,F,F,T,T,T,T
35979,27.747,TDebito,M,35,F,F,F,F,F,F,F,F,F,T,F
36040,37.3032,Efectivo,M,26,F,F,F,F,F,T,F,T,T,F,F
36190,28.4132,TCredito,M,18,F,F,F,T,F,T,T,F,T,F,F
36191,46.4275,TCredito,F,24,T,F,T,F,F,T,T,F,F,T,F
36278,43.0066,Efectivo,M,40,F,T,F,F,F,T,F,F,T,F,F
36364,19.7256,TDebito,F,48,F,F,F,F,T,F,F,F,F,T,F
36405,34.8222,TCredito,F,19,F,F,F,F,F,T,T,F,T,F,F
36631,27.0515,Efectivo,M,16,F,F,F,F,F,F,F,F,F,F,F
36857,46.1326,Efectivo,M,49,F,T,F,F,F,F,F,F,F,F,F
36863,39.4701,TDebito,F,34,F,F,T,F,F,F,F,T,F,F,T
36927,20.1812,TCredito,M,35,F,F,F,T,F,T,T,F,F,F,T
36951,12.9531,TCredito,F,32,F,F,F,F,F,F,T,F,F,F,T
37098,26.6378,TDebito,F,37,T,T,F,F,F,F,F,F,T,F,F
37114,48.0396,Efectivo,M,37,F,F,F,T,F,T,T,F,F,T,T
37166,16.4835,TDebito,F,23,T,F,F,F,F,F,T,F,F,T,F
37305,33.9607,TDebito,M,49,F,F,F,F,F,F,F,F,F,F,F
37366,43.2528,Efectivo,M,19,T,F,T,F,T,F,F,F,F,T,F
37523,27.6713,TDebito,F,16,T,T,T,T,F,F,F,T,T,T,F
37567,41.7778,TDebito,M,46,F,T,T,F,F,T,F,F,F,F,F
37571,18.0642,Efectivo,M,38,F,T,F,T,F,F,F,T,T,F,F
37784,49.0631,TDebito,M,41,F,F,F,F,T,F,F,F,F,F,F
37917,32.2318,TCredito,F,32,F,T,F,F,F,F,F,T,F,F,T
37917,22.9288,Efectivo,F,26,T,T,F,F,F,F,F,T,F,F,F
37939,49.7316,TDebito,M,18,T,T,F,F,T,F,F,F,T,F,F
38014,23.331,TCredito,F,42,F,T,F,T,T,T,F,F,T,F,F
38055,14.4497,TDebito,F,25,T,F,F,F,F,F,F,F,F,F,F
38063,36.0742,Efectivo,F,16,T,F,F,F,F,F,F,T,F,T,T
38097,37.1385,Efectivo,M,19,T,F,F,T,T,T,T,T,F,T,F
38360,35.0157,Efectivo,F,27,F,F,F,T,F,F,F,F,F,F,F
38468,42.7908,TDebito,F,23,F,F,F,F,F,F,F,F,F,F,F
38477,13.8168,Efectivo,M,38,F,T,F,F,F,F,F,F,F,F,T
38600,47.476,TDebito,M,48,F,F,F,F,F,F,F,T,F,F,T
38608,42.7334,TDebito,M,21,F,T,F,F,F,F,T,F,F,F,F
38645,47.2099,Efectivo,F,20,T,F,F,F,T,F,T,T,F,T,T
38723,17.159,TCredito,F,16,T,F,F,F,F,F,T,F,T,T,F
38765,22.2034,Efectivo,M,22,F,F,F,F,F,F,T,F,F,F,F
39042,49.8321,Efectivo,F,46,F,F,F,F,T,F,F,T,F,F,T
39077,20.5746,TDebito,M,34,F,T,F,F,T,F,F,F,F,F,F
39080,18.3878,TDebito,F,36,F,F,F,T,F,F,F,F,F,T,F
39081,47.5807,TCredito,M,18,F,T,T,T,T,T,T,T,T,F,F
39221,35.3104,TDebito,M,43,F,T,F,F,T,F,F,F,F,F,F
39581,29.2526,Efectivo,F,49,F,F,F,F,F,F,F,F,F,F,F
39715,28.2126,Efectivo,M,17,T,F,F,F,F,F,F,F,F,F,F
39808,42.7123,TCredito,M,46,F,T,T,F,F,F,F,F,F,F,T
39817,13.2005,Efectivo,F,49,F,F,F,F,F,F,T,F,F,F,F
39884,31.2737,Efectivo,M,21,F,F,F,F,F,F,F,T,F,F,F
39914,36.7285,TDebito,F,26,T,F,T,F,F,F,F,F,F,F,F
39952,35.3369,TDebito,M,37,F,F,F,T,F,T,T,F,T,F,F
39970,46.7406,TCredito,M,22,F,F,F,T,F,T,T,F,F,F,F
40090,41.4851,TCredito,F,25,F,F,F,T,F,T,F,F,F,F,F
40208,23.167,Efectivo,F,40,T,T,F,F,T,T,F,F,F,F,F
40282,33.5207,Efectivo,F,42,F,F,T,F,F,T,F,T,F,F,T
40459,37.9935,TDebito,F,47,F,F,T,F,F,F,F,T,F,F,T
40505,43.0394,TDebito,F,50,F,T,T,F,F,F,F,T,F,F,T
40542,44.2289,TDebito,F,42,F,F,F,F,F,F,F,F,F,F,F
40579,49.542,Efectivo,F,45,F,F,F,F,F,F,F,T,F,F,T
40659,27.48,TDebito,M,39,F,F,F,T,F,T,T,F,F,F,F
40690,28.6205,Efectivo,M,45,F,F,F,T,F,T,F,F,T,F,F
40743,25.3732,TDebito,M,24,F,F,T,F,F,F,F,F,F,F,F
40789,11.186,Efectivo,F,16,T,F,T,F,F,F,F,F,F,T,T
40949,10.117,Efectivo,M,39,T,F,T,T,T,T,T,F,F,F,F
41132,18.4412,TCredito,F,42,F,F,F,T,F,F,F,F,F,F,T
41157,20.2332,Efectivo,F,40,T,F,T,F,T,T,F,F,T,F,F
41792,14.5692,Efectivo,M,22,T,F,F,F,F,F,F,F,F,T,F
41805,48.5787,Efectivo,M,25,F,F,F,T,F,T,T,F,F,T,T
41841,18.2815,Efectivo,M,40,T,T,T,T,F,F,F,F,T,F,T
41866,20.4519,Efectivo,F,34,F,F,F,F,F,F,F,F,F,F,F
41996,28.3472,TDebito,F,48,F,F,T,F,F,F,F,F,F,F,T
42037,49.7612,Efectivo,M,25,F,F,F,F,T,F,F,F,F,F,F
42056,44.8521,TDebito,F,30,F,F,F,F,F,F,F,T,F,T,F
42163,44.9981,Efectivo,M,29,T,F,F,F,F,F,F,F,F,F,F
42167,10.6201,TDebito,F,35,F,T,F,F,F,F,F,T,T,F,F
42381,46.0621,Efectivo,M,31,F,F,F,T,T,T,T,T,F,T,F
42459,32.6446,TDebito,F,47,F,F,F,F,T,T,F,T,T,F,T
42524,14.2989,TCredito,F,22,T,T,T,F,F,F,F,F,T,T,F
42583,35.6757,Efectivo,F,24,F,F,F,F,F,F,F,F,F,F,F
42653,14.0502,TDebito,M,49,F,F,F,F,F,F,F,F,T,F,F
42689,12.2038,TDebito,F,40,T,F,F,F,F,F,F,F,F,F,T
42778,35.2808,Efectivo,M,17,F,F,T,T,F,T,T,F,T,F,F
42927,25.6375,TDebito,F,24,F,F,F,F,F,F,F,F,F,F,F
43044,29.8836,Efectivo,M,32,T,T,F,F,F,F,F,F,T,F,F
43111,43.4371,Efectivo,F,27,F,F,T,T,F,F,F,F,T,F,F
43228,40.0922,Efectivo,M,44,T,F,F,F,F,F,F,F,F,F,F
43401,29.4406,Efectivo,M,24,T,F,F,T,F,T,T,F,F,T,F
43498,33.6065,TCredito,F,44,F,F,F,F,F,F,F,F,F,F,F
43550,10.5365,Efectivo,M,47,F,F,F,T,F,T,T,F,T,F,F
43557,24.5056,Efectivo,F,25,T,F,F,F,F,F,F,F,F,F,F
43800,44.2831,TDebito,F,36,F,F,F,T,F,F,T,T,F,F,T
43962,11.6764,TCredito,M,49,F,F,F,F,F,F,F,F,F,T,F
43964,29.4585,Efectivo,F,24,T,F,F,T,F,F,F,T,F,F,F
44235,27.7268,Efectivo,F,41,F,F,T,F,F,F,T,T,F,F,T
44294,38.5314,Efectivo,M,18,F,F,T,T,F,T,T,F,F,F,F
44452,12.6097,TDebito,F,30,T,F,F,F,T,F,T,F,F,F,F
44562,13.532,TCredito,F,50,F,F,F,F,F,T,F,F,T,F,F
44594,46.6746,Efectivo,F,50,F,F,F,F,F,F,F,T,F,F,T
44775,23.5745,TCredito,F,44,T,F,F,F,F,F,T,T,F,T,F
44825,36.9448,TDebito,F,50,F,T,F,F,F,F,F,F,F,T,T
44887,46.8983,TDebito,M,41,T,F,F,F,F,F,F,F,F,F,F
45019,47.2341,TDebito,M,48,F,T,F,F,F,F,F,F,F,F,F
45102,32.5518,Efectivo,M,16,T,F,F,F,F,T,F,F,F,T,F
45375,39.4947,TDebito,M,50,F,F,F,F,T,T,F,F,F,F,F
45992,13.6452,Efectivo,F,49,F,F,F,F,F,F,F,F,F,F,F
46005,30.8594,TDebito,M,32,F,F,F,F,F,F,F,F,F,F,F
46054,14.2814,TDebito,M,46,F,T,F,T,T,T,T,F,T,F,T
46071,18.1207,Efectivo,F,32,T,F,F,F,F,F,F,F,T,T,F
46278,34.0079,TDebito,M,40,T,T,F,T,F,F,T,F,F,F,F
46419,45.3239,TDebito,F,27,F,F,F,F,F,F,F,F,F,F,T
46471,25.4795,TCredito,M,23,F,F,F,F,F,F,F,F,F,F,F
46539,38.3992,TCredito,M,23,T,F,T,F,T,F,F,F,F,T,F
46686,29.5925,TCredito,F,34,F,F,T,F,F,F,F,F,F,F,F
46730,41.6178,TDebito,F,35,T,F,F,F,T,F,F,F,F,F,F
47136,22.032,Efectivo,F,43,F,F,F,F,F,F,F,F,F,T,F
47251,46.4065,TDebito,F,43,T,T,F,T,F,F,F,T,T,T,T
47307,29.8812,TDebito,F,45,F,F,F,F,F,F,F,F,F,F,F
47330,20.9348,Efectivo,F,21,T,F,F,F,F,T,F,T,F,F,T
47341,31.9765,TDebito,M,16,T,F,F,F,F,T,F,F,F,T,T
47343,48.9554,TDebito,F,41,F,T,F,F,F,T,F,T,F,F,T
47421,28.7408,Efectivo,M,49,F,F,F,F,F,F,F,F,F,F,F
47441,13.5428,TDebito,F,36,F,T,F,F,F,T,F,F,F,F,T
47489,23.0236,TDebito,M,41,F,F,F,F,F,F,F,T,F,F,T
47547,42.8159,Efectivo,F,46,F,F,F,F,F,F,F,F,T,F,F
47598,42.9427,TDebito,F,40,T,F,F,F,F,F,T,T,F,F,T
47638,25.666,Efectivo,M,41,F,F,F,T,F,T,T,F,F,F,F
47645,35.6412,Efectivo,F,35,F,F,F,F,F,F,F,F,F,F,F
47913,49.0675,TCredito,F,25,F,F,T,F,F,F,F,T,F,F,T
47914,44.5913,Efectivo,F,32,F,T,F,F,F,F,F,T,F,T,T
47923,26.039,TDebito,M,38,F,F,T,T,F,F,T,F,T,F,F
48247,48.6794,TCredito,F,50,F,F,F,F,F,F,F,F,F,F,F
48749,18.471,TDebito,F,30,F,F,F,F,F,F,F,F,F,T,F
48783,24.61,TDebito,M,50,T,F,F,T,F,T,T,F,F,F,F
48893,28.3283,TCredito,F,49,F,F,F,F,F,F,F,F,F,F,T
48896,30.4368,Efectivo,F,22,F,F,F,F,F,F,F,F,F,F,F
49085,26.1937,TDebito,M,25,F,F,F,F,F,F,F,T,F,T,T
49225,13.8218,TDebito,F,43,F,F,F,F,F,F,F,F,F,F,F
49632,10.7717,TDebito,M,21,F,F,F,T,T,F,F,F,F,T,T
49658,17.2076,TDebito,M,40,F,T,F,T,F,F,F,F,T,F,T
49769,20.058,TDebito,M,19,F,T,F,F,F,F,F,F,F,F,F
49861,38.8491,Efectivo,M,32,F,F,F,F,F,F,T,F,F,F,F
50064,47.0822,TDebito,M,20,T,F,T,T,F,T,T,F,F,T,F
50087,40.9255,TDebito,F,45,F,F,F,F,F,F,F,T,F,F,F
50104,25.603,Efectivo,M,23,T,F,F,F,F,F,T,F,F,T,F
50142,17.7878,TDebito,M,23,F,F,F,F,F,F,F,T,F,F,F
50150,39.5248,Efectivo,F,27,T,F,F,F,F,F,F,T,T,T,F
50180,35.5435,Efectivo,M,42,F,F,F,T,T,F,F,F,T,F,T
50258,43.0885,Efectivo,F,25,F,T,F,F,F,F,F,F,F,F,F
50324,20.1004,Efectivo,M,16,F,T,F,F,F,F,F,F,T,T,F
50531,37.4002,TDebito,F,36,T,T,T,F,F,F,F,F,F,F,F
50551,27.6473,TDebito,F,27,T,F,T,T,F,T,F,F,T,F,F
50633,23.0638,TCredito,M,46,F,F,F,F,F,F,F,F,F,F,T
50645,31.6988,TCredito,F,45,F,T,F,F,F,T,F,F,F,F,F
50647,38.5632,TDebito,M,25,F,F,F,T,F,F,F,F,F,F,F
50961,24.0284,Efectivo,F,16,F,F,F,F,F,F,T,F,F,F,F
51183,22.3157,Efectivo,F,25,F,F,F,F,F,F,F,F,F,F,F
51384,14.8697,Efectivo,F,47,F,F,F,F,F,F,F,F,F,T,F
51732,41.0697,Efectivo,M,33,F,T,F,T,F,T,T,F,F,F,F
51818,16.6528,TDebito,M,34,T,F,F,F,F,F,F,F,F,F,F
51846,37.0748,TDebito,F,21,T,F,F,F,F,F,F,F,F,T,F
51916,24.7427,Efectivo,F,23,F,F,T,F,T,F,T,F,T,F,F
51939,43.2419,TDebito,M,47,F,F,F,T,F,T,T,T,F,F,F
51979,20.5285,TDebito,M,16,F,F,F,T,T,T,T,F,F,F,T
52011,39.1196,Efectivo,F,25,F,F,F,F,F,F,T,F,F,F,F
52128,13.6852,TDebito,M,29,F,F,F,T,F,T,F,F,F,F,F
52359,26.2052,TCredito,F,16,T,F,F,F,F,T,F,T,F,T,F
52421,31.7355,TDebito,M,16,T,F,F,T,T,T,T,T,T,T,F
52451,49.056,TCredito,M,47,F,T,T,F,F,F,F,T,F,F,F
52530,28.0822,Efectivo,F,35,F,F,F,F,F,F,F,F,T,F,F
52903,38.6381,Efectivo,M,32,F,F,F,F,F,F,F,F,F,F,F
53320,46.27,TDebito,M,39,F,F,F,F,T,F,F,F,T,T,F
53750,38.5113,TCredito,F,23,F,F,F,F,F,F,F,T,F,F,T
53953,26.9729,TDebito,F,48,T,T,F,F,F,F,F,F,T,F,F
53959,40.8684,Efectivo,F,27,F,T,T,F,F,F,T,F,T,F,T
54152,20.595,TDebito,M,38,F,F,F,F,F,T,T,T,F,F,F
54172,10.4023,TCredito,F,46,F,T,F,F,F,F,T,F,F,T,F
54180,43.0372,Efectivo,M,32,F,T,F,T,F,T,T,F,F,F,F
54190,36.4736,Efectivo,F,24,F,F,F,F,F,F,F,F,F,F,F
54313,30.6545,Efectivo,M,22,T,F,F,F,F,F,F,F,T,T,T
54314,31.2939,Efectivo,F,44,F,T,F,F,F,F,F,F,F,F,F
54462,38.8386,Efectivo,M,31,F,F,T,T,F,T,T,T,F,F,F
54981,49.2205,Efectivo,M,17,F,F,F,T,T,F,F,T,F,F,F
55091,40.2274,Efectivo,M,19,F,F,F,F,T,F,T,F,F,F,F
55295,32.6529,TDebito,F,47,T,F,T,F,T,T,F,F,F,F,F
55418,20.8812,TDebito,F,23,T,F,F,F,F,F,F,F,F,F,F
55550,31.475,Efectivo,M,28,T,F,F,F,F,T,F,T,F,F,F
55552,41.6462,TDebito,M,50,T,F,F,F,F,F,F,F,F,T,F
55625,44.8626,TDebito,F,38,T,T,F,F,T,F,F,T,T,F,T
55629,49.6018,Efectivo,M,27,F,F,F,F,F,F,F,F,F,T,F
55652,41.7166,TDebito,M,20,T,F,F,T,F,T,T,F,F,T,F
55951,15.6793,TDebito,M,39,F,F,F,F,F,F,F,T,F,F,T
55992,17.2856,Efectivo,M,30,F,F,F,F,T,F,F,F,T,T,F
56034,41.2711,Efectivo,M,16,T,T,F,T,F,T,T,F,F,T,F
56097,46.7188,Efectivo,F,25,F,F,F,F,F,F,F,T,F,F,T
56220,12.6155,TDebito,F,28,F,T,F,F,T,F,F,F,F,F,F
56258,21.5804,TDebito,F,48,T,F,F,F,F,F,F,T,T,F,F
56452,20.8234,TCredito,M,48,T,T,F,F,T,F,F,F,F,F,T
56677,30.3099,Efectivo,F,42,T,F,F,F,F,F,F,F,F,F,F
56851,21.6406,TDebito,M,29,F,F,F,T,F,T,T,F,F,F,F
56885,33.5694,TCredito,M,27,F,T,F,T,T,T,T,F,T,F,T
57068,22.8535,TCredito,M,42,F,F,T,F,F,F,F,F,F,F,F
57101,20.7588,TDebito,M,49,T,F,F,F,F,T,F,F,F,F,F
57102,19.9099,Efectivo,M,30,F,F,F,T,F,T,T,F,F,T,F
57207,39.1627,TCredito,M,48,F,F,T,F,F,F,F,T,F,F,T
57268,25.0267,Efectivo,M,25,T,T,F,F,F,F,F,F,T,F,F
57582,24.6694,Efectivo,M,39,F,F,T,F,T,F,F,F,F,F,F
57615,46.7916,TDebito,M,41,T,F,F,F,T,F,F,F,F,F,T
57678,47.6595,TCredito,M,29,F,F,F,F,F,T,F,F,F,F,F
57762,26.7967,Efectivo,M,36,T,F,F,F,T,F,F,F,F,F,F
57851,29.562,Efectivo,F,43,T,F,F,F,T,F,T,F,F,F,T
57952,35.1487,TCredito,F,48,F,F,F,T,F,F,F,T,F,F,T
58144,28.8307,TDebito,F,38,F,F,F,F,T,T,F,F,F,F,F
58154,49.1367,TCredito,M,50,F,F,F,F,T,F,F,F,F,F,F
58188,36.0631,TDebito,M,19,T,F,F,F,T,F,F,F,F,T,F
58235,48.1146,Efectivo,F,45,F,F,F,T,F,F,F,T,F,F,T
58288,14.481,TDebito,M,24,F,F,F,F,F,F,F,F,F,F,F
58341,32.8363,Efectivo,F,38,F,F,F,T,T,F,F,F,F,F,F
58343,13.3662,TDebito,M,44,F,F,T,F,F,F,F,F,F,F,T
58388,18.7703,TCredito,M,39,F,F,F,F,T,F,T,F,T,F,F
58485,35.5474,TCredito,M,27,T,F,F,F,F,T,F,F,F,F,T
58566,37.6643,Efectivo,M,46,F,T,F,F,F,F,F,F,T,F,F
58768,18.0798,TCredito,F,16,F,F,F,F,F,F,F,T,T,F,F
58803,11.2921,TCredito,M,39,F,T,F,T,F,T,T,F,F,F,T
58914,28.9163,TDebito,F,50,F,F,F,F,F,T,F,F,F,F,F
59071,28.0768,TCredito,F,35,F,F,F,F,T,F,T,F,F,T,F
59184,12.4807,Efectivo,F,36,F,T,F,F,F,F,F,F,F,F,F
59297,49.3566,TCredito,F,28,F,F,F,T,T,F,T,T,F,F,T
59349,28.4931,TDebito,M,18,T,F,F,T,F,T,T,F,T,F,F
59352,49.4212,Efectivo,F,24,F,F,F,F,F,F,F,T,F,T,T
59389,39.5687,TDebito,F,29,F,F,F,T,F,F,F,F,F,F,F
59439,20.7784,Efectivo,M,24,T,F,F,F,F,F,T,F,F,F,F
59480,10.3282,Efectivo,F,18,T,T,T,T,F,F,F,T,F,T,F
59580,40.8781,Efectivo,M,50,T,F,T,T,F,T,T,F,F,F,F
59590,27.9826,TDebito,M,26,F,F,T,T,F,T,T,F,T,F,F
59599,27.4881,Efectivo,F,28,F,F,F,F,T,T,T,F,F,F,F
60073,11.656,TDebito,M,34,F,F,F,F,F,F,F,T,F,T,F
60153,47.156,TDebito,M,31,F,T,F,F,T,F,T,T,F,F,F
60159,43.2178,TDebito,M,47,F,F,F,T,F,T,T,F,F,F,F
60240,21.9871,Efectivo,M,45,F,F,F,F,F,F,F,F,F,F,F
60499,11.8442,Efectivo,M,30,T,T,F,F,F,F,F,F,F,F,F
60571,24.6707,Efectivo,F,29,F,F,F,F,F,T,F,F,F,T,F
60688,37.1075,Efectivo,M,38,F,F,F,F,F,F,F,F,F,F,F
60755,13.7796,Efectivo,F,48,T,F,F,F,F,F,F,F,F,T,F
60820,32.9802,Efectivo,F,20,F,F,F,T,F,F,F,F,F,F,F
60890,44.6318,TDebito,M,28,F,T,F,T,F,T,T,F,T,T,T
61011,18.1253,Efectivo,M,21,F,F,F,F,F,F,T,F,F,F,T
61107,30.314,TDebito,F,30,T,F,T,F,F,F,F,F,F,F,F
61144,10.3736,Efectivo,F,24,T,F,T,F,F,F,F,F,T,T,F
61159,47.2278,TDebito,M,21,T,T,F,F,T,F,F,F,T,T,F
61255,49.5666,Efectivo,F,31,F,F,T,F,F,F,F,T,T,F,T
61270,31.9036,TDebito,M,49,F,F,F,F,F,F,F,T,F,F,F
61309,22.5496,TCredito,M,44,F,F,F,F,T,F,F,T,F,F,F
61329,26.9282,TDebito,F,49,T,F,F,F,F,F,F,F,F,F,F
61342,26.5892,Efectivo,F,41,F,F,F,T,T,F,T,F,F,F,F
61618,34.4744,TCredito,F,49,F,F,F,T,F,F,F,F,F,F,T
61789,14.3525,Efectivo,M,37,F,F,F,T,F,F,T,F,F,T,F
61869,31.8011,Efectivo,M,46,T,F,F,T,F,T,T,T,F,F,F
62022,42.7131,Efectivo,F,40,F,F,F,F,F,F,F,T,F,F,T
62060,40.7025,TDebito,M,42,F,F,F,T,F,T,T,F,F,F,F
62175,17.9183,Efectivo,M,16,T,T,F,T,T,T,T,F,F,T,F
62264,43.3344,TDebito,M,26,F,F,F,F,F,F,F,F,F,F,T
62455,35.2522,TDebito,F,43,F,F,F,F,F,F,F,F,F,T,F
62789,15.1609,Efectivo,M,25,T,F,F,T,F,T,T,F,F,F,F
62993,36.0895,TDebito,F,45,F,F,T,F,F,F,F,F,F,F,F
62995,14.0467,Efectivo,F,30,T,F,F,F,F,F,F,F,T,F,F
63138,16.9606,TCredito,M,22,T,F,F,F,F,T,F,F,F,T,F
63368,42.4066,TDebito,M,38,T,F,F,T,F,T,T,F,F,F,F
63420,22.7588,TCredito,M,21,T,F,T,F,F,T,F,F,F,T,F
63452,17.8916,Efectivo,M,48,F,F,F,T,T,T,T,F,F,F,F
63694,22.3043,TDebito,F,29,T,F,T,T,F,F,F,F,F,F,F
63779,45.9019,TCredito,F,48,F,F,F,F,F,F,F,F,T,F,F
63817,29.1748,TCredito,M,28,F,F,F,F,F,F,F,F,F,F,F
63829,29.8575,TDebito,F,45,F,F,F,F,F,F,T,F,F,F,T
63880,16.7477,Efectivo,F,23,T,F,F,F,T,F,F,F,F,T,F
63979,39.1,TDebito,M,17,F,F,F,F,T,F,T,F,T,F,F
63996,13.7353,TCredito,F,23,F,F,F,T,F,F,F,F,F,T,F
64053,31.1795,TCredito,F,36,F,F,F,F,F,F,F,T,F,F,F
64215,17.0993,Efectivo,M,42,T,F,F,T,T,T,T,F,F,F,F
64239,27.5083,TDebito,M,22,F,F,F,T,F,T,T,T,T,F,F
64281,17.718,TDebito,M,47,T,F,T,T,F,T,T,T,F,T,F
64561,23.6794,Efectivo,F,33,F,F,F,F,T,F,F,F,T,F,F
64596,42.1336,Efectivo,M,28,F,T,T,F,F,F,T,F,F,T,F
64668,31.2009,Efectivo,M,49,F,F,T,T,T,T,T,F,T,F,F
64752,18.8473,Efectivo,F,38,F,F,T,T,F,F,T,F,F,F,F
64861,18.7711,Efectivo,M,49,F,F,T,F,F,T,T,F,F,F,T
64892,38.9995,Efectivo,F,46,F,F,F,F,F,T,F,T,F,F,F
65006,10.546,Efectivo,F,24,T,F,F,F,F,F,F,F,T,T,F
65088,11.9406,TCredito,M,19,T,T,F,F,F,F,F,F,F,T,T
65225,43.856,TCredito,F,48,F,F,T,F,F,F,F,F,F,F,F
65418,38.6017,Efectivo,F,48,F,F,F,F,F,F,F,T,F,F,T
65425,23.0249,TDebito,F,25,F,F,T,F,F,F,T,F,F,F,F
65493,26.7732,Efectivo,M,43,F,F,F,F,F,F,F,F,T,F,F
65853,20.6815,Efectivo,M,33,T,F,T,F,F,F,F,F,F,F,F
66117,25.4945,TCredito,F,26,F,F,F,F,T,F,F,F,F,T,F
66191,37.5233,Efectivo,F,35,T,F,T,F,F,T,T,F,F,F,F
66267,15.686,Efectivo,F,21,T,T,T,F,F,F,T,T,F,T,T
66551,43.8679,Efectivo,M,30,F,F,T,F,F,F,F,F,F,T,F
66618,30.501,Efectivo,F,50,T,T,F,T,T,F,F,F,F,F,F
66651,25.6292,TCredito,F,44,F,F,F,F,F,F,F,F,F,F,F
66711,41.407,Efectivo,F,48,F,F,T,F,F,F,F,F,F,F,F
66886,10.6842,Efectivo,M,41,T,F,T,F,T,F,F,F,F,F,F
66940,43.9612,TDebito,F,35,F,F,F,F,F,F,F,T,T,T,T
66988,17.9591,TDebito,M,43,F,F,F,T,F,T,T,F,F,T,F
67063,40.0147,TDebito,F,46,F,T,F,F,F,F,F,T,T,T,T
67133,36.6913,TCredito,M,39,F,F,F,T,F,T,F,T,F,F,T
67211,16.8537,TDebito,F,43,F,F,F,F,F,F,F,F,F,F,F
67362,25.3567,Efectivo,F,28,F,T,F,F,F,F,F,F,F,F,T
67455,18.198,TDebito,F,40,F,T,F,F,F,F,T,F,F,F,F
67697,12.9477,TDebito,M,44,F,F,T,F,F,T,F,F,F,F,F
67799,16.9724,TDebito,F,16,T,F,F,F,F,T,F,F,F,T,T
67809,10.3765,TCredito,F,39,F,F,F,F,F,T,F,F,T,F,F
68006,11.4931,TDebito,M,19,F,T,F,F,F,F,F,F,F,F,F
68058,49.8863,Efectivo,F,22,T,F,T,F,F,F,F,T,F,T,T
68104,12.329,TCredito,F,45,F,F,F,T,F,T,T,F,F,T,F
68119,15.1803,TCredito,F,25,F,F,F,F,T,F,F,F,T,F,T
68156,18.1151,TCredito,F,40,F,F,F,F,F,F,T,F,T,F,F
68193,15.7157,TDebito,F,24,T,F,F,F,F,F,F,F,F,F,F
68438,23.4241,Efectivo,F,46,T,F,F,F,F,F,F,F,F,F,T
68489,22.5684,TCredito,F,18,F,F,F,F,F,T,F,F,F,T,F
68501,15.3726,TCredito,F,31,T,T,F,F,F,F,F,F,T,T,F
69110,11.8488,Efectivo,M,16,T,F,F,T,T,T,T,T,F,T,T
69122,32.0161,TDebito,M,34,F,F,T,F,T,F,F,F,F,F,F
69372,11.5395,TDebito,F,35,F,T,F,F,F,F,F,F,F,F,T
69380,34.0379,TCredito,F,40,F,F,F,F,F,F,F,T,F,F,T
69401,36.754,Efectivo,F,25,T,F,F,F,T,F,F,T,F,F,T
69718,43.3975,TDebito,F,29,F,F,F,F,F,F,F,T,T,F,T
69720,13.7837,TDebito,F,41,F,T,F,F,F,F,F,F,F,F,F
69754,44.0797,Efectivo,M,24,F,F,T,F,F,F,F,F,T,F,F
69774,25.4476,Efectivo,M,45,F,F,F,T,F,T,T,T,T,F,F
69802,43.5423,Efectivo,F,33,F,F,F,T,F,F,T,F,F,F,F
69884,18.91,Efectivo,M,30,F,F,F,F,F,F,F,F,T,F,T
69934,31.1787,TCredito,F,41,F,F,F,F,F,F,F,F,F,T,F
69965,38.7874,TDebito,M,21,T,F,T,F,F,F,T,F,F,T,F
70014,17.4934,TDebito,M,25,F,F,F,T,F,F,F,T,F,F,F
70018,42.7998,TCredito,F,39,T,F,T,F,F,T,T,T,F,T,T
70063,28.3932,TCredito,M,35,F,F,F,F,F,F,F,T,F,F,F
70182,11.3005,TDebito,F,18,F,F,F,T,F,T,F,F,F,F,F
70206,15.322,TCredito,M,33,T,F,F,T,F,F,F,F,F,F,F
70336,45.3326,Efectivo,F,20,T,F,T,F,F,F,F,F,F,F,F
70359,35.1138,TCredito,F,46,T,F,F,F,F,F,F,F,F,T,F
70428,23.6085,TDebito,F,42,F,F,T,T,F,F,T,T,T,F,F
70481,31.7001,TCredito,M,30,F,F,F,T,F,F,T,F,T,T,F
70664,36.8276,Efectivo,M,47,F,F,F,F,F,F,F,F,F,F,F
70858,20.9462,Efectivo,M,46,T,T,F,T,F,F,F,F,F,T,T
70998,36.509,TDebito,M,43,F,F,T,F,T,T,F,F,F,T,F
71078,10.8529,TDebito,M,31,F,F,F,F,F,F,F,F,F,F,F
71140,22.0941,TDebito,M,42,F,F,F,F,F,F,T,F,F,F,F
71254,17.1837,TCredito,F,45,F,T,F,F,F,T,F,F,F,F,F
71276,36.3388,TDebito,F,45,F,F,F,T,F,T,T,F,F,F,F
71343,48.2751,Efectivo,M,38,F,F,F,T,F,T,T,F,F,F,F
71462,40.9979,TDebito,F,42,F,T,F,F,F,F,F,T,F,F,T
71600,47.3234,TCredito,M,33,T,F,F,T,T,T,T,T,F,T,F
71604,18.1721,TDebito,M,49,F,F,T,F,F,F,T,F,F,T,F
71607,23.4978,Efectivo,F,23,T,F,T,F,F,F,F,F,F,T,T
71652,34.0689,TDebito,M,29,F,F,T,T,F,T,T,F,F,F,F
71690,13.6361,Efectivo,F,18,T,F,F,F,F,F,T,F,T,T,F
71832,35.8777,TDebito,F,43,F,F,F,F,T,F,F,F,F,T,F
71887,30.067,Efectivo,M,46,F,T,F,T,F,T,T,T,F,T,T
72200,12.4526,Efectivo,F,48,T,F,T,F,F,F,F,F,F,T,F
72248,10.8367,Efectivo,M,28,F,F,F,F,F,F,F,F,F,F,F
72298,41.0628,Efectivo,M,25,F,F,F,F,F,F,T,F,F,F,F
72299,24.0273,TCredito,F,24,T,F,F,F,F,F,T,F,T,T,F
72454,44.1263,Efectivo,F,27,F,F,F,F,F,F,T,T,F,F,T
72849,20.7743,TDebito,M,47,T,F,F,F,T,F,T,F,F,F,F
72900,14.4639,TDebito,M,17,T,F,T,F,F,F,F,F,F,T,F
72901,23.9797,TCredito,F,39,F,F,F,F,F,F,T,F,F,F,F
72902,46.5449,Efectivo,F,16,F,F,T,F,F,F,F,T,T,F,T
72979,21.3607,TCredito,M,18,F,F,F,F,F,T,F,F,T,F,T
72986,25.9767,TDebito,F,36,F,F,F,F,F,F,T,F,F,F,F
73004,13.0578,TCredito,M,18,F,F,F,F,F,F,F,T,F,F,F
73259,16.8793,TDebito,F,42,T,F,F,F,T,F,F,F,F,F,F
73383,13.9755,TDebito,M,31,F,F,F,F,T,F,F,F,F,F,F
73441,21.3574,TDebito,F,20,T,F,F,F,T,F,F,F,F,T,F
73480,13.9759,TCredito,M,41,F,F,F,T,F,T,T,F,F,F,T
73594,13.0883,TCredito,F,41,F,F,T,F,F,F,F,F,F,F,F
73630,10.4506,TDebito,F,25,F,F,F,T,T,F,F,T,F,F,F
73651,14.1309,Efectivo,M,22,T,T,F,F,F,F,F,F,F,F,F
73708,43.3068,TCredito,F,36,T,F,F,T,F,F,F,T,T,T,T
74314,38.7031,TDebito,F,31,T,F,F,F,T,T,F,F,F,F,F
74423,22.3177,Efectivo,F,18,F,F,F,F,F,F,T,F,F,F,F
74463,16.7073,TDebito,F,36,F,F,F,T,F,T,F,F,T,F,F
74710,16.3704,TDebito,F,30,F,F,F,F,F,F,F,F,F,F,F
74876,18.2937,Efectivo,M,45,F,F,T,F,F,F,T,F,F,F,T
75118,31.7774,TCredito,F,49,F,F,F,F,T,F,F,F,F,F,F
75130,39.1493,TCredito,F,33,T,F,F,F,F,F,T,F,F,F,F
75274,32.2881,TDebito,M,23,T,F,F,T,F,F,F,F,T,T,F
75663,20.8372,TDebito,F,29,F,T,F,F,T,F,F,F,F,F,F
75792,31.2017,Efectivo,M,50,F,F,F,F,F,F,F,T,F,F,F
75815,19.1927,TDebito,F,40,F,F,F,F,F,T,F,T,F,F,T
75971,16.0295,TDebito,M,44,T,F,T,F,F,F,F,F,F,F,F
76095,28.0024,TCredito,M,46,F,F,F,T,F,T,T,F,F,F,F
76145,27.5548,TDebito,F,27,F,T,F,F,T,F,F,F,F,F,F
76264,15.99,TCredito,M,16,T,T,F,F,F,F,F,F,F,T,F
76567,42.248,TDebito,M,31,T,F,F,T,F,F,F,F,F,T,F
76777,43.748,TDebito,F,28,F,F,F,F,F,F,F,T,F,F,T
76944,47.6155,Efectivo,F,34,F,F,F,F,F,F,T,T,F,F,T
77218,38.2717,TDebito,M,34,T,F,F,T,F,T,T,T,F,T,F
77232,28.7941,TCredito,M,22,T,F,T,F,F,F,F,F,F,T,F
77335,47.8128,Efectivo,F,40,F,F,F,F,F,F,F,T,T,F,T
77419,29.7398,TDebito,M,36,F,F,F,T,F,T,T,F,F,F,T
78030,34.6469,TDebito,F,38,F,F,F,F,T,F,F,T,F,F,T
78113,14.3918,Efectivo,F,22,T,F,F,T,F,F,F,T,F,F,F
78139,48.5578,Efectivo,M,29,T,F,F,T,T,F,F,F,F,F,F
78302,32.6841,TDebito,M,33,T,F,F,T,F,F,F,F,F,F,F
78357,28.8482,TDebito,F,40,F,F,T,F,F,T,F,F,F,F,F
78363,49.4132,TDebito,M,18,T,F,F,T,F,T,T,T,F,F,F
78428,12.3794,TDebito,F,38,F,F,F,F,F,T,F,F,T,F,F
78598,48.6573,Efectivo,M,30,F,F,F,F,F,F,F,T,F,F,T
78626,33.0971,Efectivo,M,47,F,T,F,F,F,T,F,F,F,F,F
78639,32.0691,Efectivo,M,48,F,F,F,F,F,F,F,F,F,T,F
78967,36.166,TCredito,M,25,F,F,F,T,F,T,T,F,F,F,F
79001,38.5516,TDebito,F,24,F,F,F,F,F,F,F,T,F,T,T
79039,12.4456,TDebito,M,46,F,F,T,F,F,F,F,F,F,F,F
79303,39.6497,Efectivo,M,19,T,F,T,F,F,F,F,F,F,T,F
79305,18.6381,TCredito,F,31,F,F,F,F,T,F,F,T,F,F,F
79384,22.4563,TDebito,F,45,F,F,F,F,F,F,F,F,F,T,F
79446,18.2451,Efectivo,M,17,F,F,F,F,F,F,F,F,F,F,F
79535,37.048,TDebito,F,50,F,F,F,F,T,F,F,F,F,F,F
79577,41.2514,TDebito,F,38,F,T,F,F,F,F,F,T,F,F,F
79632,12.5362,TDebito,M,43,F,F,F,T,F,T,T,F,F,F,F
79875,10.0844,TCredito,F,39,F,T,F,F,F,F,F,F,F,F,F
79890,37.4335,TCredito,F,50,F,F,T,F,F,F,F,F,F,T,F
80137,12.847,Efectivo,F,33,F,F,F,F,F,F,F,F,F,F,F
80198,34.267,TDebito,F,47,F,F,F,F,F,F,T,T,F,F,T
80297,37.2746,TCredito,F,21,T,F,F,F,F,F,F,F,F,T,F
80306,31.9965,Efectivo,F,27,F,F,T,F,T,T,T,T,F,F,F
80438,15.8347,TDebito,M,38,F,F,F,F,F,F,F,T,F,F,T
80578,30.6867,TDebito,F,40,F,F,F,F,F,F,T,F,F,F,T
80617,10.2011,TCredito,F,43,F,F,F,F,F,F,F,F,T,T,F
80728,21.2648,Efectivo,F,28,F,T,F,T,T,T,F,F,F,F,T
80869,10.0454,TDebito,F,29,F,F,F,F,T,F,F,T,F,F,F
80954,13.9726,Efectivo,M,45,F,F,T,T,F,T,T,F,F,F,F
81034,20.9511,TCredito,M,28,F,T,F,T,T,T,T,F,F,F,F
81487,20.0766,TCredito,M,25,F,F,T,F,F,T,T,F,F,F,F
81616,43.8689,TDebito,F,21,T,F,F,T,T,F,F,F,F,F,T
81690,37.3617,TDebito,F,36,F,F,F,F,F,F,F,T,F,F,T
81745,15.9576,TDebito,F,49,F,F,T,F,F,F,F,F,T,F,F
81825,25.0713,TDebito,F,21,T,F,T,F,F,F,F,F,F,T,F
81836,32.9521,TCredito,M,48,F,F,F,F,F,T,F,F,T,T,F
81851,13.9837,TDebito,F,19,T,F,T,F,F,F,F,F,F,T,T
81971,19.3672,Efectivo,M,17,T,F,T,T,F,F,F,F,F,T,F
82096,44.5391,Efectivo,M,23,T,F,F,T,F,T,T,F,F,T,T
82173,15.7511,Efectivo,F,22,T,F,F,F,T,F,T,F,F,T,F
82419,19.7255,TCredito,F,31,F,T,F,T,F,F,T,F,F,F,F
82558,10.1074,TDebito,F,22,F,T,F,F,F,F,T,T,T,F,F
82753,37.5762,TCredito,F,42,T,T,T,F,F,F,F,T,F,F,T
82796,18.5934,TDebito,F,17,F,F,F,F,T,F,F,F,F,F,F
82801,42.5439,TDebito,M,28,F,F,F,T,F,T,F,T,F,F,F
82901,39.8343,Efectivo,F,33,F,F,F,F,F,F,F,T,F,F,T
83003,49.2498,TCredito,F,47,F,F,F,F,F,F,F,F,T,F,F
83071,29.8536,Efectivo,M,31,F,F,F,F,F,F,T,F,F,F,T
83102,48.0077,Efectivo,M,47,F,F,F,T,F,T,T,F,F,T,F
83127,41.2905,TCredito,M,21,T,F,F,F,F,F,F,F,F,T,F
83338,26.2061,Efectivo,M,41,F,F,F,F,T,F,F,F,F,F,F
83340,27.1358,Efectivo,F,44,F,F,F,F,F,F,T,T,T,F,F
83439,33.4975,TDebito,F,43,F,F,F,F,T,F,F,T,F,T,T
83500,49.2505,TDebito,M,21,F,F,F,T,T,F,F,F,F,T,T
83523,45.8037,Efectivo,M,40,F,F,F,F,F,F,F,F,F,F,F
83536,31.9368,Efectivo,F,22,F,F,F,F,F,F,T,F,T,T,F
83650,33.5584,Efectivo,F,22,F,F,F,F,F,F,F,F,F,T,F
83883,23.034,TDebito,F,47,F,F,F,F,F,F,F,T,F,F,T
84033,43.42,Efectivo,F,31,F,T,F,T,F,F,F,T,F,F,F
84042,18.1849,Efectivo,M,27,F,T,F,T,T,T,T,F,F,F,F
84092,34.8497,TDebito,F,48,T,F,T,F,F,T,F,T,T,T,T
84148,49.1791,TCredito,F,22,T,F,F,F,F,F,T,T,F,T,T
84180,10.4233,TCredito,M,47,F,F,F,T,F,T,T,F,F,F,F
84497,38.2919,TDebito,F,31,F,F,F,F,T,F,F,T,F,F,T
84605,17.8494,TCredito,F,48,T,F,F,F,F,F,F,F,F,F,F
84756,29.1981,TDebito,M,32,F,F,F,F,F,F,F,F,F,T,T
84799,31.3192,TDebito,M,21,F,T,F,F,T,F,F,F,F,F,F
84902,44.9991,TDebito,M,50,F,F,F,F,F,T,F,F,F,F,F
84903,32.8053,TDebito,F,17,T,F,F,F,F,T,F,F,T,T,F
84937,24.8076,TCredito,F,43,T,F,F,F,F,F,T,F,F,F,F
85081,38.2586,TDebito,F,29,T,F,F,F,F,F,T,T,F,F,T
85182,11.92,TDebito,M,22,T,T,F,F,F,F,F,F,T,T,F
85259,40.9303,TDebito,F,22,T,F,F,F,F,T,T,F,F,F,F
85348,40.2677,TCredito,F,24,F,F,F,F,T,F,F,F,F,F,F
85472,14.5031,TDebito,F,48,F,F,T,F,F,F,F,F,F,T,T
85475,37.0037,TDebito,M,47,T,F,F,F,F,F,F,T,F,F,F
85585,36.426,TDebito,F,46,F,F,F,F,F,F,F,T,T,F,T
85699,18.1688,Efectivo,F,29,F,F,F,F,F,F,F,F,F,T,F
85771,10.0455,TDebito,F,36,F,F,F,F,T,F,F,T,F,F,T
85860,30.4116,Efectivo,F,17,F,T,T,F,T,F,F,F,F,F,T
86044,30.5434,TDebito,M,30,F,F,F,T,F,T,T,T,T,F,F
86217,19.5378,TDebito,M,43,F,F,F,T,F,T,T,F,F,F,F
86331,45.4521,TDebito,M,29,F,F,F,T,F,T,T,F,F,T,T
86350,12.184,TDebito,F,49,F,F,F,F,F,T,F,F,T,F,F
86612,29.7839,TDebito,M,27,F,T,F,F,F,F,F,F,F,F,F
86681,15.0004,TCredito,F,50,F,F,F,F,F,F,F,F,F,F,F
86759,48.4566,TDebito,F,34,F,F,F,T,F,F,F,F,F,F,F
86983,43.3446,TDebito,F,17,T,T,F,F,T,F,F,T,F,T,T
87066,10.8645,TDebito,M,23,F,F,T,F,F,F,F,F,F,T,F
87101,23.0974,TCredito,M,23,T,F,F,F,T,T,F,F,F,T,T
87151,44.1181,TCredito,F,30,F,F,T,F,T,T,F,T,F,T,T
87250,39.0228,TDebito,F,43,F,T,F,F,F,F,F,F,F,F,F
87270,31.4868,TCredito,M,29,F,F,T,T,T,F,F,T,F,F,F
87450,48.2053,TDebito,F,38,F,F,F,F,F,T,F,F,F,T,F
87482,40.101,TDebito,F,38,T,F,F,F,T,T,F,T,F,F,F
87703,27.7087,Efectivo,M,20,T,F,F,F,T,F,F,F,F,T,T
87793,46.8845,Efectivo,F,40,F,F,F,F,F,T,F,T,F,T,T
87953,16.2099,TDebito,M,22,F,F,F,F,T,T,F,F,F,T,F
87975,27.82,TDebito,F,26,F,F,T,F,F,F,F,F,F,T,F
88019,47.3606,TCredito,M,41,T,F,F,F,F,F,F,F,F,F,F
88176,34.5366,TDebito,F,31,F,F,T,F,F,T,F,T,T,F,T
88260,29.7785,TDebito,F,34,F,F,T,T,F,F,F,F,F,F,F
88359,23.0214,TDebito,F,21,T,T,F,F,F,F,F,F,F,F,T
88549,37.5927,TDebito,M,20,T,F,F,F,F,T,F,F,T,T,F
88596,34.1082,Efectivo,F,38,F,F,T,F,F,F,F,T,T,F,T
88812,28.8761,TDebito,F,34,F,F,F,F,F,F,T,F,F,F,F
88886,18.932,TDebito,M,25,F,F,F,T,F,F,F,F,F,F,F
88972,31.8546,Efectivo,M,22,T,F,F,F,F,F,F,T,F,T,F
89041,25.085,TCredito,M,25,F,F,F,T,F,T,T,F,F,F,F
89106,46.662,TCredito,F,32,F,T,F,F,T,F,F,T,F,F,T
89209,24.1621,TCredito,M,19,F,F,F,F,F,F,F,T,F,F,F
89233,37.6838,TDebito,F,17,F,T,F,F,F,F,F,F,F,F,F
89250,43.6042,Efectivo,F,29,F,T,F,F,T,F,F,T,F,F,T
89302,20.4889,TDebito,F,39,F,F,F,F,F,F,F,F,F,T,F
89406,13.2185,Efectivo,F,37,T,F,F,F,F,F,T,F,F,F,F
89425,28.8615,TCredito,M,17,T,F,F,T,F,F,T,F,F,T,F
89460,33.4191,Efectivo,M,16,T,F,F,T,F,T,T,F,F,F,T
89484,40.6552,TDebito,M,47,F,F,F,T,F,F,T,F,F,F,F
89485,18.3222,Efectivo,M,28,F,F,F,F,T,T,F,F,F,F,F
89559,24.3813,TCredito,F,16,T,T,F,F,T,F,F,F,F,T,F
89649,26.9621,TCredito,F,24,T,F,F,F,F,F,F,F,F,T,T
89872,15.6822,TDebito,F,40,F,F,F,F,F,F,T,F,F,F,F
89958,34.4239,Efectivo,F,27,F,F,T,F,T,T,F,F,F,T,T
90147,18.8338,Efectivo,M,30,F,F,T,F,F,F,F,F,F,F,F
90165,10.855,TCredito,F,24,F,F,F,T,F,F,F,F,F,F,F
90264,10.4971,TDebito,M,18,T,F,F,F,F,F,F,F,F,T,F
90360,15.1372,Efectivo,F,47,F,F,F,F,T,T,T,F,F,F,F
90462,10.0726,Efectivo,M,36,F,T,F,T,F,T,T,T,F,F,F
90562,29.0087,Efectivo,M,24,F,F,F,T,T,F,F,F,F,T,F
90730,29.5005,Efectivo,M,36,F,F,F,T,F,T,T,F,T,F,F
90861,38.2559,Efectivo,F,29,T,T,F,F,F,F,F,F,F,F,T
90911,30.5207,Efectivo,F,16,T,T,F,F,F,T,F,F,F,F,F
90933,26.2117,TDebito,M,31,F,F,F,F,F,F,F,F,F,F,F
91019,48.4029,TDebito,M,29,F,F,F,F,F,F,F,T,F,F,F
91055,24.7818,TDebito,F,23,F,F,T,F,F,F,F,F,T,F,F
91074,46.5642,TDebito,F,19,F,F,F,T,F,T,F,F,F,F,F
91117,33.6103,TDebito,M,21,T,F,F,F,F,F,F,F,F,T,F
91545,12.3519,TDebito,M,45,F,F,T,F,F,F,F,F,F,F,F
91609,18.8133,TDebito,M,24,F,F,F,F,F,F,F,F,F,F,F
91913,42.8928,Efectivo,M,45,F,F,F,F,F,F,T,F,T,F,F
91928,12.3639,TDebito,F,19,T,F,F,F,T,F,F,T,T,T,T
91972,49.1579,TDebito,F,18,T,F,F,F,F,T,F,T,F,T,T
91986,35.1619,Efectivo,F,26,F,T,F,T,F,F,F,F,F,F,F
92125,15.7945,TDebito,F,17,F,F,F,T,F,F,F,F,F,F,F
92209,30.904,TCredito,F,17,F,T,T,F,T,F,F,F,F,F,F
92227,42.5332,Efectivo,F,29,T,F,F,T,F,F,F,T,F,F,T
92675,44.5153,TCredito,F,47,F,T,F,F,F,F,F,F,F,F,F
92868,48.3546,TCredito,M,40,F,F,F,T,F,T,F,T,F,F,F
92883,18.8207,TDebito,F,27,T,F,F,F,F,F,F,F,F,F,F
93037,19.1763,Efectivo,F,41,F,F,F,T,F,F,F,T,F,T,F
93162,46.8411,TDebito,M,25,F,F,F,F,F,F,F,F,T,T,T
93304,42.4567,TDebito,M,34,F,F,F,F,F,T,F,F,F,F,T
93353,36.8045,TDebito,F,40,F,F,T,T,T,F,F,T,F,F,T
93393,35.4566,Efectivo,M,37,T,T,F,F,F,F,T,F,F,F,F
93401,45.7963,TDebito,F,25,F,F,F,F,F,F,F,T,F,T,T
93467,11.6818,TDebito,F,27,F,F,F,F,F,F,F,F,F,F,F
93469,32.7656,TCredito,M,16,T,F,T,T,T,T,F,F,T,T,F
93527,33.361,Efectivo,M,38,F,F,F,F,F,F,T,T,F,F,F
93669,27.7032,TCredito,F,37,F,F,F,T,F,F,F,T,F,F,T
93891,36.5954,TDebito,F,20,T,F,F,F,F,F,F,F,F,T,F
93920,22.5392,TDebito,M,18,F,T,F,T,F,T,T,T,F,F,F
93963,49.1922,TDebito,M,21,F,T,F,F,F,F,F,F,F,F,F
93974,46.5105,Efectivo,M,33,F,T,F,T,F,F,F,F,T,F,F
94004,43.8679,TDebito,M,37,F,F,F,F,T,T,T,F,F,F,F
94015,48.1999,TCredito,F,24,T,F,F,F,F,F,F,T,F,T,T
94105,10.3719,TDebito,M,44,F,T,F,F,F,F,F,F,T,F,F
94108,21.3634,Efectivo,M,42,F,F,T,F,F,F,F,T,T,F,F
94231,27.2609,Efectivo,M,28,F,F,F,F,T,T,F,F,F,F,T
94341,22.4622,TDebito,M,17,F,F,F,T,F,T,T,T,F,F,F
94467,18.9589,Efectivo,M,49,F,F,F,T,F,T,T,F,T,T,F
94531,32.7653,Efectivo,M,41,F,T,F,F,T,T,F,F,F,F,F
94685,31.7561,TDebito,M,29,F,T,T,F,F,F,F,F,F,F,F
94754,45.0857,Efectivo,F,41,F,F,F,T,T,F,F,T,T,T,T
94790,39.7012,TDebito,M,31,F,F,F,F,T,F,F,F,F,T,F
94864,43.4745,TCredito,F,47,F,F,F,F,F,F,F,T,F,F,F
95026,13.4226,Efectivo,F,29,F,F,T,F,F,F,F,F,F,T,T
95141,45.3427,TDebito,F,37,T,F,F,F,F,F,F,T,F,F,T
95354,35.3973,TCredito,M,35,F,T,F,T,T,T,T,F,T,T,F
95443,47.9239,TDebito,M,42,T,F,F,F,F,F,F,T,F,F,F
95479,45.7417,TCredito,M,32,F,F,F,T,T,F,F,T,F,F,T
95488,11.9753,TDebito,F,26,T,F,T,F,F,F,F,F,F,F,F
95604,23.5058,TCredito,M,44,F,F,F,T,T,T,T,T,F,T,F
95655,25.5805,Efectivo,F,42,F,F,F,T,F,T,F,F,T,T,F
95887,43.1964,Efectivo,M,27,F,F,F,T,T,T,T,F,T,F,F
95896,37.2821,TDebito,M,21,F,F,F,F,F,F,F,T,F,F,F
95915,17.3132,Efectivo,M,35,F,F,F,T,T,T,T,F,F,F,F
95921,34.8576,Efectivo,F,43,T,F,F,F,F,F,F,T,F,F,T
96076,24.4413,Efectivo,F,36,F,F,F,T,F,F,F,F,F,T,T
96078,10.4612,Efectivo,M,37,T,F,F,T,F,T,T,F,F,F,T
96173,26.3483,TDebito,F,31,F,F,F,F,F,F,F,F,T,F,F
96289,16.1359,TDebito,M,47,T,F,F,T,F,T,T,F,F,F,F
96333,27.5586,TDebito,M,26,F,F,F,T,F,F,F,F,F,F,F
96371,40.2238,Efectivo,M,37,F,F,T,F,F,F,F,F,F,F,F
96474,44.5139,TCredito,F,40,F,F,F,F,F,F,F,F,F,F,F
96512,37.8721,TDebito,F,43,T,F,F,F,F,F,T,T,F,F,T
96561,30.3759,TDebito,M,29,F,F,F,F,F,F,F,F,F,F,F
96584,17.3355,Efectivo,M,39,T,F,F,F,F,F,F,F,T,F,F
96694,28.2755,TDebito,M,28,F,F,F,T,T,T,T,T,F,T,F
96881,14.6112,TDebito,M,39,F,F,F,T,T,T,T,T,F,F,F
96982,15.4964,TDebito,M,49,T,F,F,T,F,T,T,F,F,F,F
97148,49.3472,TDebito,F,34,F,F,F,T,F,F,T,T,T,F,T
97267,33.0618,TCredito,F,19,F,F,F,F,F,F,F,F,F,T,T
97287,35.3706,TCredito,M,49,F,F,F,T,F,T,T,T,F,T,F
97328,24.0255,Efectivo,F,24,F,F,T,T,F,F,F,F,F,F,F
97377,28.263,TDebito,F,24,F,F,F,F,F,F,T,F,F,F,F
97512,17.4561,TCredito,F,32,F,T,F,F,F,F,F,F,T,F,F
97761,32.3184,TDebito,F,38,T,F,F,T,F,F,F,T,F,T,T
97967,11.5144,Efectivo,F,48,F,F,F,F,F,F,F,F,T,T,F
98023,26.3646,TDebito,F,20,F,F,F,F,F,T,F,F,F,T,F
98181,16.351,Efectivo,F,24,F,F,T,F,F,F,F,F,T,F,T
98204,18.4421,TCredito,M,18,F,F,T,T,F,T,T,F,F,F,F
98352,46.0629,TDebito,F,36,F,F,F,F,T,T,F,F,F,T,F
98383,33.8642,Efectivo,M,32,F,F,F,T,T,T,F,F,F,F,T
98409,32.6006,Efectivo,F,35,F,F,F,F,F,F,F,T,F,F,T
98626,27.505,TCredito,F,42,F,F,T,T,F,F,F,F,F,T,T
98635,33.9481,Efectivo,F,22,F,T,F,F,F,F,F,T,F,F,T
98696,31.1958,Efectivo,M,39,F,F,F,F,F,F,F,T,F,F,T
98809,45.5905,TDebito,F,19,T,F,F,F,F,T,T,T,F,T,T
98836,38.6026,Efectivo,F,29,F,F,F,T,F,F,F,T,F,T,T
99025,29.0798,TDebito,M,42,F,T,F,F,F,F,F,F,F,F,F
99046,23.6457,Efectivo,M,49,F,F,F,F,F,F,T,F,T,F,F
99164,30.6965,Efectivo,M,26,F,F,T,F,F,F,F,F,T,F,T
99292,39.899,TDebito,F,23,T,T,F,F,F,F,F,F,T,T,F
99347,34.6651,TDebito,F,44,F,T,T,T,F,F,F,T,F,F,T
99387,10.6184,Efectivo,F,49,F,T,F,F,T,F,F,F,F,F,T
99410,41.1357,Efectivo,F,40,F,F,T,F,F,F,F,F,F,F,F
99457,38.2007,TDebito,F,16,T,T,F,T,F,F,F,F,F,T,F
99575,19.2134,TDebito,M,38,F,F,F,F,F,T,F,F,F,T,F
99578,15.7681,TDebito,M,27,F,F,F,F,T,F,F,F,T,F,T
99624,20.9334,TCredito,F,36,T,F,F,F,F,F,F,T,T,F,F
99849,37.0252,Efectivo,F,17,T,F,T,F,F,F,F,F,F,F,F
100047,24.1955,TCredito,F,23,T,F,F,T,F,F,F,F,F,T,F
100255,22.6799,TCredito,M,30,F,F,F,F,F,F,F,T,F,F,F
100256,11.9099,TCredito,M,33,F,F,F,T,F,T,T,T,F,F,F
100328,30.4099,TCredito,M,36,F,T,F,T,F,T,T,F,F,T,F
100393,28.7753,Efectivo,M,22,T,F,F,T,F,F,F,F,F,T,T
100553,24.1456,TDebito,M,34,T,F,F,T,F,F,F,T,T,F,F
100754,11.3294,TCredito,F,16,T,F,F,T,F,T,F,F,F,T,F
100918,18.49,Efectivo,M,27,F,F,F,T,T,T,T,F,F,F,F
101031,47.5206,TDebito,M,16,F,F,F,T,F,T,T,F,F,F,F
101100,18.9591,TDebito,M,42,F,F,F,T,F,T,T,T,F,F,F
101414,26.828,TDebito,F,38,F,F,F,F,F,F,F,T,F,F,F
101544,38.5665,TDebito,M,47,T,F,F,F,T,T,F,F,F,F,F
101699,15.1186,TDebito,M,35,F,F,T,F,T,T,F,F,F,F,F
101722,15.7228,TCredito,M,31,F,T,F,F,F,T,F,F,F,T,F
101784,33.0381,Efectivo,M,39,F,F,F,T,T,F,F,F,F,F,F
102206,27.6682,TDebito,F,41,T,F,F,T,F,F,F,F,F,F,F
102215,13.1647,Efectivo,M,47,F,F,F,T,F,T,T,F,F,F,F
102348,14.9206,TDebito,M,36,F,F,F,F,F,F,F,F,F,F,F
102421,19.2276,Efectivo,M,25,F,F,F,F,T,F,F,F,T,T,F
102467,13.7623,TDebito,F,48,F,F,F,T,T,F,T,T,F,F,F
102645,13.4218,TDebito,F,23,F,F,F,T,T,F,F,F,F,F,F
102703,40.0432,TDebito,M,32,T,T,F,F,T,F,F,F,T,F,F
102733,28.5154,Efectivo,F,24,T,F,F,F,F,F,F,F,F,T,T
102887,33.3158,TCredito,M,46,T,F,F,F,F,T,F,F,F,F,F
102934,37.7352,TCredito,F,45,T,F,F,F,F,F,F,T,F,F,T
103087,38.578,Efectivo,M,35,F,T,F,T,F,T,T,T,F,F,F
103139,18.7964,Efectivo,F,20,F,T,F,T,F,F,F,T,F,F,F
103147,43.8622,TDebito,M,28,F,F,F,T,F,F,F,F,F,F,F
103166,25.5922,Efectivo,F,33,F,T,T,F,F,F,F,T,F,F,F
103168,12.2678,TDebito,F,22,T,F,F,T,F,F,T,T,T,F,T
103316,29.3125,Efectivo,M,46,F,T,F,F,F,F,F,F,F,F,T
103325,46.2279,TDebito,F,49,F,F,F,F,F,T,F,F,F,F,F
103385,22.8296,Efectivo,M,16,T,T,F,T,F,T,T,F,F,T,F
103446,25.3568,TDebito,M,23,F,F,T,F,T,F,F,F,F,F,F
103462,40.3384,Efectivo,F,26,T,F,F,F,F,F,T,T,F,F,T
103473,25.0338,TCredito,F,26,F,F,F,F,T,T,F,F,F,F,F
103485,23.6343,Efectivo,M,20,F,F,F,F,F,F,T,F,F,F,F
103546,45.5893,TDebito,M,44,F,F,F,F,F,F,F,F,F,F,F
103596,27.4252,TDebito,F,26,F,F,F,F,T,F,F,F,T,F,F
103708,26.061,Efectivo,F,29,F,F,F,F,F,F,F,T,F,T,F
103749,34.7506,TDebito,F,21,F,F,T,F,F,F,F,F,F,T,F
104011,19.5891,TDebito,F,42,F,F,F,F,F,F,F,T,T,F,F
104111,27.4529,TDebito,F,20,F,F,T,F,F,F,F,F,F,T,T
104165,32.2963,TDebito,M,43,F,F,F,F,F,F,F,T,F,F,F
104327,26.223,TCredito,F,45,F,F,F,T,F,F,F,T,F,F,F
104554,19.0629,Efectivo,M,21,T,F,F,T,F,T,T,F,F,T,F
104630,49.6887,TDebito,F,19,T,F,F,F,F,F,F,T,F,F,T
104722,33.6677,TDebito,M,38,F,F,F,T,F,T,T,F,F,F,F
104800,13.2577,TDebito,M,29,F,F,F,F,F,F,T,F,F,F,F
104830,21.4266,Efectivo,F,28,F,T,F,F,F,F,F,F,F,T,F
104903,34.4437,Efectivo,F,30,T,F,F,F,F,F,F,T,F,F,T
104971,35.7501,TCredito,F,24,F,F,F,F,F,F,F,T,T,F,T
104988,24.3263,Efectivo,M,39,F,F,F,F,T,F,F,F,F,F,F
105007,44.6825,TDebito,F,45,F,F,T,F,F,F,F,T,F,F,T
105095,48.0785,Efectivo,F,50,F,T,F,F,F,F,F,F,T,F,F
105188,44.3619,Efectivo,M,39,F,F,F,F,F,F,F,F,T,F,F
105225,28.5341,Efectivo,M,35,T,F,T,F,F,F,F,F,F,F,T
105412,18.3099,Efectivo,M,29,F,F,F,F,F,F,T,F,F,F,F
105429,15.294,Efectivo,M,43,T,T,F,F,F,T,F,F,F,F,F
105601,40.7653,TDebito,M,42,F,F,F,T,T,T,T,F,F,F,F
105816,22.6473,TDebito,F,37,T,F,T,T,F,F,F,F,F,F,F
105829,27.0835,TCredito,F,23,F,T,F,F,F,T,F,F,F,F,F
106004,31.9126,Efectivo,M,27,F,F,F,F,F,F,F,T,T,F,F
106044,36.1337,TDebito,M,29,T,F,F,T,F,T,T,T,F,T,F
106122,32.3362,Efectivo,M,22,F,F,T,F,F,F,F,T,F,F,F
106288,10.0926,TCredito,F,23,F,F,F,T,F,F,F,F,F,F,T
106290,33.0487,TCredito,M,35,F,F,T,F,F,F,F,F,F,F,F
106314,24.1036,Efectivo,F,37,F,F,F,T,T,F,F,F,F,F,F
106489,14.0777,TDebito,F,41,F,F,F,F,F,F,F,F,F,F,F
106494,46.5812,TDebito,F,44,T,F,F,F,F,F,T,T,F,F,F
106499,26.9588,Efectivo,M,31,F,F,F,T,F,T,T,F,F,F,F
106522,10.007,TCredito,M,22,F,F,F,T,F,T,T,F,F,F,F
106531,11.6576,Efectivo,M,19,T,F,F,F,F,T,F,F,F,T,F
106585,23.6473,Efectivo,M,50,F,F,F,T,T,F,T,F,F,F,F
106649,25.8123,TDebito,F,22,T,F,F,F,F,F,T,F,F,T,F
106654,47.9564,TCredito,M,44,F,F,F,F,F,T,F,F,T,F,F
106792,37.477,Efectivo,M,45,F,F,F,F,F,F,F,F,F,F,F
107080,29.4064,TDebito,F,43,F,F,F,T,F,F,F,F,F,F,F
107314,42.9349,Efectivo,M,26,F,F,F,T,F,T,T,T,F,F,F
107499,12.3961,Efectivo,F,28,F,F,F,F,F,F,F,T,T,F,F
107505,21.3633,Efectivo,F,32,F,F,F,F,F,F,F,F,F,F,T
107714,22.1969,TDebito,F,21,T,T,T,F,T,F,F,F,T,F,F
107728,16.9603,TCredito,F,49,F,T,F,F,F,T,T,T,F,F,F
107876,21.8933,TCredito,M,44,F,F,F,F,F,F,T,T,F,T,F
108003,12.5105,TDebito,F,34,F,F,F,T,F,F,F,T,F,T,F
108153,20.5804,Efectivo,F,32,F,F,F,F,F,F,F,F,T,F,T
108596,39.33,TDebito,M,44,F,F,F,F,T,F,T,F,F,F,F
108601,14.1216,Efectivo,M,49,F,F,F,F,F,F,F,T,F,T,F
108718,15.6206,Efectivo,M,18,F,F,F,F,F,F,T,F,F,T,F
108739,10.9737,Efectivo,M,29,T,F,F,F,F,F,F,T,T,F,T
108764,44.6294,Efectivo,M,27,F,F,F,T,F,T,T,T,F,T,F
108832,27.8603,TCredito,F,37,F,F,F,F,F,F,F,F,F,T,F
108855,32.8419,TDebito,F,30,F,F,F,F,T,F,F,T,T,T,T
109000,14.9647,Efectivo,F,22,F,F,F,T,T,F,F,T,T,F,F
109048,42.5797,TDebito,M,49,T,F,F,T,F,F,T,T,F,T,F
109061,37.3485,Efectivo,F,50,F,T,F,F,F,F,F,T,F,F,T
109132,30.2881,Efectivo,F,38,F,T,F,F,F,F,F,F,T,F,F
109224,20.0952,TCredito,M,18,T,F,F,F,F,F,T,F,F,T,F
109376,43.1101,Efectivo,M,21,F,F,F,F,F,F,F,T,F,F,F
109425,23.2353,TDebito,F,20,F,F,F,F,T,F,F,T,F,F,F
109504,32.8441,TDebito,M,21,F,T,T,F,F,F,F,F,F,F,T
109530,37.4844,TDebito,M,30,F,T,F,F,F,F,T,F,F,F,F
109551,40.6114,Efectivo,M,35,F,F,F,F,F,F,T,T,F,F,F
109583,41.0085,TDebito,M,34,F,F,F,F,F,F,F,F,F,F,F
109672,16.5297,TDebito,M,20,F,F,F,T,F,T,T,T,F,F,F
109798,15.133,Efectivo,M,33,F,F,F,F,F,T,F,F,F,F,F
109884,35.8216,TDebito,F,18,T,F,F,F,T,T,F,F,T,T,T